{"exceeded": {"count": 0, "final_losses": [], "final_nfes": [], "final_bnfes": []}, "underflow": {"count": 0, "final_losses": [], "final_nfes": [], "final_bnfes": []}, "success": {"count": 5, "final_losses": [78560.06032986111, 805.3867594401041, 21.261492623223198, 1204.8301391601562, 42771.45529513889], "final_nfes": [4.0, 4.0, 4.0, 4.0, 4.0], "final_bnfes": [5.0, 5.0, 5.0, 5.0, 5.0]}}