{"exceeded": {"count": 0, "final_losses": [], "final_nfes": [], "final_bnfes": []}, "underflow": {"count": 0, "final_losses": [], "final_nfes": [], "final_bnfes": []}, "success": {"count": 5, "final_losses": [104388160.44444445, 21871613.777777776, 21838011.222222224, 20677609.333333332, 17849687.0], "final_nfes": [4.0, 4.0, 4.0, 4.0, 4.0], "final_bnfes": [5.0, 5.0, 5.0, 5.0, 5.0]}}